Cats,Dogs,Guinea Pigs,Hamsters,MarineMammals,NonhumanPrimates,Other FarmAnimals,Pig,Rabbits,Sheep,Total,State,Year,date_year
0,0,0,0,0.0,0,0,0,0,0,0,AK,2008,2008-01-01
0,0,0,0,0.0,15,0,0,23,0,38,AL,2008,2008-01-01
0,0,0,0,0.0,0,0,0,0,0,0,AR,2008,2008-01-01
0,0,0,0,0.0,0,0,56,0,0,56,AZ,2008,2008-01-01
0,90,1509,38,0.0,40,0,54,465,14,2379,CA,2008,2008-01-01
0,1,1173,541,0.0,0,0,3,0,21,1898,CO,2008,2008-01-01
0,17,90,0,0.0,13,0,0,0,0,126,CT,2008,2008-01-01
0,0,164,0,0.0,4,0,0,0,0,229,DC,2008,2008-01-01
0,37,1278,250,0.0,0,0,0,985,0,2604,DE,2008,2008-01-01
0,0,0,102,0.0,4,15,0,90,0,211,FL,2008,2008-01-01
20,0,88,1990,0.0,22,52,6,2356,10,4806,GA,2008,2008-01-01
0,0,0,0,0.0,0,0,0,0,0,0,HI,2008,2008-01-01
404,239,154,14062,0.0,0,0,0,47,0,14906,IA,2008,2008-01-01
0,0,0,0,0.0,0,0,0,2,0,2,ID,2008,2008-01-01
0,0,88,20,0.0,6,0,64,91,0,280,IL,2008,2008-01-01
0,4,108,11,0.0,3,0,0,1,0,312,IN,2008,2008-01-01
0,10,0,500,0.0,0,0,0,4,0,514,KS,2008,2008-01-01
0,0,0,0,0.0,0,0,0,0,0,0,KY,2008,2008-01-01
0,0,0,0,0.0,9,38,0,12,0,145,LA,2008,2008-01-01
0,63,646,532,0.0,16,4,187,502,0,2647,MA,2008,2008-01-01
0,3,7206,1169,0.0,330,0,144,651,0,9650,MD,2008,2008-01-01
0,0,0,0,0.0,0,0,0,0,0,8,ME,2008,2008-01-01
0,0,6394,0,0.0,42,0,0,0,42,6478,MI,2008,2008-01-01
0,20,87,0,0.0,0,0,0,6,0,330,MN,2008,2008-01-01
0,0,0,1799,0.0,0,0,0,0,0,1810,MO,2008,2008-01-01
0,0,0,0,0.0,0,0,0,0,0,0,MS,2008,2008-01-01
0,0,0,0,0.0,0,0,0,0,0,0,MT,2008,2008-01-01
0,0,326,0,0.0,13,0,36,19,0,394,NC,2008,2008-01-01
0,0,0,0,0.0,0,0,0,0,0,0,ND,2008,2008-01-01
1,1,20,977,0.0,0,0,0,0,0,1077,NE,2008,2008-01-01
0,0,0,0,0.0,0,0,0,0,0,0,NH,2008,2008-01-01
0,323,1428,485,0.0,92,0,0,141,0,3161,NJ,2008,2008-01-01
0,0,0,0,0.0,187,0,0,185,0,631,NM,2008,2008-01-01
0,0,0,0,0.0,0,0,0,0,0,0,NV,2008,2008-01-01
151,386,3676,4685,0.0,11,20,0,74,0,9133,NY,2008,2008-01-01
0,19,1480,265,0.0,142,0,0,412,0,2703,OH,2008,2008-01-01
0,0,0,0,0.0,0,0,0,0,0,0,OK,2008,2008-01-01
0,0,0,0,0.0,0,0,0,0,0,29,OR,2008,2008-01-01
6,215,791,0,0.0,46,0,377,466,0,2224,PA,2008,2008-01-01
0,0,0,0,0.0,0,0,0,0,0,0,PR,2008,2008-01-01
0,0,0,0,0.0,0,0,0,0,0,0,RI,2008,2008-01-01
0,0,0,0,0.0,0,0,0,0,0,119,SC,2008,2008-01-01
0,0,0,0,0.0,0,0,94,4,0,98,SD,2008,2008-01-01
0,13,0,0,0.0,0,0,63,40,0,342,TN,2008,2008-01-01
0,0,1170,858,0.0,26,49,0,321,0,2524,TX,2008,2008-01-01
0,0,675,3211,0.0,0,0,0,0,0,3886,UT,2008,2008-01-01
0,9,0,178,0.0,16,0,0,15,0,218,VA,2008,2008-01-01
0,0,50,0,0.0,0,0,0,0,0,50,VT,2008,2008-01-01
0,0,128,0,0.0,0,0,0,0,0,128,WA,2008,2008-01-01
0,4,2,0,0.0,0,0,0,11,2,183,WI,2008,2008-01-01
0,0,0,0,0.0,0,0,0,58,0,58,WV,2008,2008-01-01
0,0,0,0,0.0,0,0,0,0,0,0,WY,2008,2008-01-01
0,0,0,0,0.0,0,0,0,0,0,0,AK,2009,2009-01-01
0,0,0,0,0.0,76,30,0,18,0,162,AL,2009,2009-01-01
0,0,0,0,0.0,0,0,0,0,0,0,AR,2009,2009-01-01
0,0,0,0,0.0,0,0,28,0,0,34,AZ,2009,2009-01-01
0,26,1757,84,0.0,59,0,0,305,0,2932,CA,2009,2009-01-01
0,22,1238,388,0.0,12,0,0,2,10,1773,CO,2009,2009-01-01
0,20,200,0,0.0,34,0,0,0,0,254,CT,2009,2009-01-01
0,0,282,0,0.0,0,0,0,0,0,297,DC,2009,2009-01-01
0,6,506,590,0.0,0,0,0,131,0,1258,DE,2009,2009-01-01
0,0,0,154,0.0,2,0,0,254,0,413,FL,2009,2009-01-01
10,0,287,2307,0.0,10,29,12,1792,0,4653,GA,2009,2009-01-01
0,0,0,0,0.0,0,0,0,0,0,0,HI,2009,2009-01-01
85,98,101,12882,0.0,0,0,0,0,0,13166,IA,2009,2009-01-01
0,0,0,0,0.0,0,0,0,15,0,15,ID,2009,2009-01-01
0,1,179,8,0.0,0,0,152,176,0,517,IL,2009,2009-01-01
0,0,168,0,0.0,0,0,0,0,0,268,IN,2009,2009-01-01
0,0,0,256,0.0,16,0,0,4,0,276,KS,2009,2009-01-01
0,0,0,0,0.0,0,0,0,0,0,0,KY,2009,2009-01-01
0,0,0,0,0.0,23,0,0,0,0,117,LA,2009,2009-01-01
0,13,439,369,0.0,13,4,108,317,0,1516,MA,2009,2009-01-01
0,8,7762,1009,0.0,570,0,153,536,0,10199,MD,2009,2009-01-01
0,0,0,0,0.0,0,0,0,0,0,18,ME,2009,2009-01-01
0,0,7725,0,0.0,82,0,0,63,47,7917,MI,2009,2009-01-01
0,26,89,0,0.0,0,0,0,3,0,533,MN,2009,2009-01-01
1,0,0,2262,0.0,0,0,0,30,0,2396,MO,2009,2009-01-01
0,0,0,0,0.0,0,0,0,0,0,0,MS,2009,2009-01-01
0,0,0,0,0.0,0,0,0,0,0,0,MT,2009,2009-01-01
0,0,364,0,0.0,14,0,5,28,0,411,NC,2009,2009-01-01
0,0,0,0,0.0,0,0,0,0,0,0,ND,2009,2009-01-01
1,1,28,613,0.0,0,0,0,0,0,838,NE,2009,2009-01-01
0,0,0,0,0.0,0,0,0,0,0,0,NH,2009,2009-01-01
1,228,1830,799,0.0,133,0,1,599,0,3869,NJ,2009,2009-01-01
0,0,19,0,0.0,155,0,0,128,0,396,NM,2009,2009-01-01
0,0,0,0,0.0,0,0,0,0,0,0,NV,2009,2009-01-01
65,191,2299,5071,0.0,13,75,0,17,0,7935,NY,2009,2009-01-01
0,16,1413,187,0.0,425,0,0,329,0,2504,OH,2009,2009-01-01
0,0,0,0,0.0,0,0,0,0,0,4,OK,2009,2009-01-01
0,0,0,0,0.0,0,0,0,0,0,0,OR,2009,2009-01-01
7,117,560,0,0.0,58,0,0,418,0,1534,PA,2009,2009-01-01
0,0,0,0,0.0,0,0,0,0,0,0,PR,2009,2009-01-01
0,0,0,0,0.0,0,0,0,0,0,0,RI,2009,2009-01-01
0,0,0,25,0.0,0,0,0,0,0,36,SC,2009,2009-01-01
0,0,0,0,0.0,0,0,119,0,0,119,SD,2009,2009-01-01
0,0,0,0,0.0,0,0,27,2,0,377,TN,2009,2009-01-01
10,7,1635,567,0.0,0,92,0,396,0,2758,TX,2009,2009-01-01
0,0,1532,4572,0.0,0,0,0,0,0,6104,UT,2009,2009-01-01
0,0,0,360,0.0,16,0,0,0,0,376,VA,2009,2009-01-01
0,0,264,0,0.0,0,0,0,0,0,264,VT,2009,2009-01-01
0,0,98,0,0.0,0,0,0,0,0,113,WA,2009,2009-01-01
0,2,0,0,0.0,0,2,0,2,0,45,WI,2009,2009-01-01
0,0,0,0,0.0,0,0,0,44,0,44,WV,2009,2009-01-01
0,0,0,0,0.0,0,0,0,0,0,0,WY,2009,2009-01-01
0,0,0,0,0.0,0,0,0,0,0,0,AK,2010,2010-01-01
0,0,65,0,0.0,76,0,0,87,0,403,AL,2010,2010-01-01
0,0,0,0,0.0,0,0,0,0,0,0,AR,2010,2010-01-01
0,0,0,0,0.0,0,0,0,0,0,0,AZ,2010,2010-01-01
0,48,219,19,0.0,55,0,0,399,0,2465,CA,2010,2010-01-01
0,0,1148,579,0.0,0,0,0,0,9,2058,CO,2010,2010-01-01
0,50,0,0,0.0,50,0,0,0,0,100,CT,2010,2010-01-01
0,0,306,0,0.0,4,0,0,0,0,347,DC,2010,2010-01-01
0,0,0,0,0.0,0,0,0,0,0,0,DE,2010,2010-01-01
0,3,40,48,0.0,0,0,0,149,0,240,FL,2010,2010-01-01
6,0,16,2004,0.0,4,3,0,1619,0,3981,GA,2010,2010-01-01
0,0,0,0,0.0,0,0,0,0,0,0,HI,2010,2010-01-01
0,0,159,8473,0.0,0,0,0,0,1,8633,IA,2010,2010-01-01
0,0,0,0,0.0,0,0,0,0,0,0,ID,2010,2010-01-01
0,0,222,14,0.0,0,10,289,231,0,766,IL,2010,2010-01-01
0,0,0,4,0.0,0,0,0,0,0,32,IN,2010,2010-01-01
0,0,0,374,0.0,8,0,0,0,0,382,KS,2010,2010-01-01
0,0,0,0,0.0,0,7,0,0,0,31,KY,2010,2010-01-01
0,0,0,0,0.0,63,0,0,32,0,190,LA,2010,2010-01-01
0,2,449,921,0.0,27,2,127,80,0,2112,MA,2010,2010-01-01
0,7,8178,1942,0.0,401,6,145,575,0,11362,MD,2010,2010-01-01
0,0,0,0,0.0,0,0,0,0,0,18,ME,2010,2010-01-01
0,0,10430,0,0.0,85,0,1,0,52,10568,MI,2010,2010-01-01
0,5,896,0,0.0,4,0,0,341,0,1645,MN,2010,2010-01-01
105,0,110,20945,0.0,0,0,0,54,0,21306,MO,2010,2010-01-01
0,0,0,0,0.0,0,0,0,0,0,0,MS,2010,2010-01-01
0,0,0,0,0.0,0,0,0,0,0,0,MT,2010,2010-01-01
4,6,256,0,0.0,0,0,15,0,0,281,NC,2010,2010-01-01
0,0,0,0,0.0,0,0,0,0,0,0,ND,2010,2010-01-01
0,0,0,0,0.0,0,0,0,0,0,207,NE,2010,2010-01-01
0,0,0,0,0.0,0,0,0,0,0,0,NH,2010,2010-01-01
0,228,1612,1511,0.0,72,0,0,876,0,4325,NJ,2010,2010-01-01
0,0,33,0,0.0,167,0,0,126,0,749,NM,2010,2010-01-01
0,0,0,0,0.0,0,0,0,0,0,0,NV,2010,2010-01-01
15,316,3183,5163,0.0,44,54,0,50,0,9052,NY,2010,2010-01-01
0,7,1178,232,0.0,285,0,0,483,0,2394,OH,2010,2010-01-01
0,0,0,0,0.0,0,0,0,0,0,105,OK,2010,2010-01-01
0,0,0,0,0.0,0,0,0,0,0,0,OR,2010,2010-01-01
3,16,472,0,0.0,29,0,62,492,0,1381,PA,2010,2010-01-01
0,0,0,0,0.0,0,0,0,0,0,0,PR,2010,2010-01-01
0,0,0,0,0.0,0,0,0,0,0,0,RI,2010,2010-01-01
0,0,0,24,0.0,0,0,0,0,0,35,SC,2010,2010-01-01
0,0,0,0,0.0,0,0,110,0,0,110,SD,2010,2010-01-01
0,0,0,0,0.0,0,0,21,0,0,611,TN,2010,2010-01-01
20,0,2555,456,0.0,0,102,0,392,3,3600,TX,2010,2010-01-01
0,0,1975,5126,0.0,0,0,0,0,0,7101,UT,2010,2010-01-01
0,0,0,180,0.0,21,0,0,0,0,201,VA,2010,2010-01-01
0,0,72,0,0.0,0,0,0,0,0,73,VT,2010,2010-01-01
0,9,78,0,0.0,0,0,0,10,0,97,WA,2010,2010-01-01
0,0,0,0,0.0,0,3,0,0,0,162,WI,2010,2010-01-01
0,0,0,0,0.0,0,0,0,0,0,0,WV,2010,2010-01-01
0,0,0,0,0.0,0,0,0,0,0,0,WY,2010,2010-01-01
0,0,0,0,,0,0,0,0,0,0,AK,2011,2011-01-01
0,0,66,0,,89,0,0,26,0,298,AL,2011,2011-01-01
0,0,0,0,,0,0,0,0,0,0,AR,2011,2011-01-01
0,0,0,0,,0,0,0,0,0,0,AZ,2011,2011-01-01
0,2,460,91,,76,0,0,271,0,2135,CA,2011,2011-01-01
12,15,798,381,,0,0,0,1,10,1305,CO,2011,2011-01-01
0,49,0,27,,45,0,0,0,0,121,CT,2011,2011-01-01
0,0,670,0,,0,0,0,0,0,992,DC,2011,2011-01-01
0,0,0,0,,0,0,0,0,0,0,DE,2011,2011-01-01
0,4,42,33,,9,0,0,18,0,108,FL,2011,2011-01-01
0,0,129,2839,,14,0,0,1450,0,4928,GA,2011,2011-01-01
0,0,0,0,,0,0,0,0,0,0,HI,2011,2011-01-01
0,12,182,8933,,0,300,0,0,23,9450,IA,2011,2011-01-01
0,0,0,0,,0,0,0,0,0,0,ID,2011,2011-01-01
15,0,245,88,,0,0,32,39,0,441,IL,2011,2011-01-01
0,0,48,2,,0,0,0,0,0,94,IN,2011,2011-01-01
0,1,0,0,,5,0,0,0,0,6,KS,2011,2011-01-01
0,0,0,0,,0,0,0,2,0,80,KY,2011,2011-01-01
0,0,0,0,,41,0,0,29,0,275,LA,2011,2011-01-01
0,4,401,1448,,29,0,37,152,0,2432,MA,2011,2011-01-01
0,8,7231,1327,,344,3,157,265,0,9493,MD,2011,2011-01-01
0,0,0,0,,0,0,0,0,0,8,ME,2011,2011-01-01
0,0,10934,0,,88,0,40,0,356,11418,MI,2011,2011-01-01
0,0,131,0,,4,0,0,38,0,262,MN,2011,2011-01-01
146,126,0,25305,,0,0,0,31,0,25648,MO,2011,2011-01-01
0,0,0,0,,0,0,0,0,0,0,MS,2011,2011-01-01
0,0,0,0,,0,0,0,0,0,0,MT,2011,2011-01-01
0,0,166,0,,0,0,35,0,0,201,NC,2011,2011-01-01
0,0,0,0,,0,0,0,0,0,0,ND,2011,2011-01-01
0,0,0,0,,0,0,0,21,0,21,NE,2011,2011-01-01
0,0,0,0,,0,0,0,0,0,0,NH,2011,2011-01-01
30,156,1515,2058,,147,0,0,773,0,4679,NJ,2011,2011-01-01
0,0,126,0,,300,0,0,38,0,649,NM,2011,2011-01-01
0,0,0,0,,0,0,0,0,0,0,NV,2011,2011-01-01
54,159,2292,5301,,7,0,0,43,0,8047,NY,2011,2011-01-01
0,0,501,206,,184,0,0,477,0,1527,OH,2011,2011-01-01
0,0,0,0,,6,0,0,0,0,120,OK,2011,2011-01-01
0,0,0,0,,0,0,0,0,0,10,OR,2011,2011-01-01
2,12,234,0,,18,0,1545,411,0,2514,PA,2011,2011-01-01
0,0,0,0,,0,0,0,0,0,0,PR,2011,2011-01-01
0,0,0,0,,0,0,0,0,0,0,RI,2011,2011-01-01
0,0,0,28,,0,0,0,0,0,39,SC,2011,2011-01-01
0,0,0,0,,0,0,133,0,0,133,SD,2011,2011-01-01
0,0,0,0,,0,0,39,0,0,929,TN,2011,2011-01-01
0,0,2104,759,,25,0,46,232,0,3217,TX,2011,2011-01-01
0,0,847,2631,,0,0,0,0,0,3478,UT,2011,2011-01-01
0,0,0,168,,28,0,0,25,0,221,VA,2011,2011-01-01
0,0,47,0,,0,0,0,0,0,51,VT,2011,2011-01-01
0,0,38,0,,0,0,0,0,0,47,WA,2011,2011-01-01
0,0,0,0,,0,0,0,48,0,191,WI,2011,2011-01-01
0,0,0,0,,0,0,0,81,0,81,WV,2011,2011-01-01
0,0,0,0,,0,0,0,0,0,0,WY,2011,2011-01-01
0,0,0,0,,0,0,0,0,0,0,AK,2012,2012-01-01
0,0,83,0,,38,0,0,38,0,164,AL,2012,2012-01-01
0,0,0,0,,0,0,0,0,0,0,AR,2012,2012-01-01
0,0,0,0,,0,0,0,0,0,3,AZ,2012,2012-01-01
0,17,273,550,,65,0,0,369,0,1937,CA,2012,2012-01-01
104,7,783,311,,0,0,0,0,9,1393,CO,2012,2012-01-01
0,99,0,321,,14,0,0,0,0,436,CT,2012,2012-01-01
0,0,207,0,,0,0,0,0,0,416,DC,2012,2012-01-01
0,0,0,0,,0,0,0,0,0,0,DE,2012,2012-01-01
0,10,38,0,,8,0,0,30,0,112,FL,2012,2012-01-01
5,24,34,1828,,18,31,18,1381,0,3717,GA,2012,2012-01-01
0,0,0,0,,0,0,0,0,0,0,HI,2012,2012-01-01
0,1,119,8024,,0,0,0,2,0,8146,IA,2012,2012-01-01
0,0,0,0,,0,0,0,0,72,79,ID,2012,2012-01-01
12,3,44,10,,0,0,119,128,0,458,IL,2012,2012-01-01
0,0,0,0,,0,0,0,0,0,12,IN,2012,2012-01-01
0,11,0,0,,6,0,0,0,0,17,KS,2012,2012-01-01
0,0,0,0,,0,0,0,0,0,12,KY,2012,2012-01-01
0,0,0,0,,2,0,0,27,0,29,LA,2012,2012-01-01
0,0,285,418,,22,0,73,189,0,1300,MA,2012,2012-01-01
0,10,6703,656,,404,163,160,324,0,8583,MD,2012,2012-01-01
0,0,0,0,,0,0,0,0,0,0,ME,2012,2012-01-01
0,1,9680,0,,80,0,28,0,243,10068,MI,2012,2012-01-01
0,0,234,28,,3,0,0,59,0,367,MN,2012,2012-01-01
22,172,0,24282,,0,0,0,0,0,24499,MO,2012,2012-01-01
0,0,0,0,,0,0,0,2,0,2,MS,2012,2012-01-01
0,0,0,0,,0,0,0,15,0,15,MT,2012,2012-01-01
0,6,454,0,,0,0,0,0,0,460,NC,2012,2012-01-01
0,0,0,0,,0,0,0,0,0,0,ND,2012,2012-01-01
0,0,0,0,,0,0,0,15,0,34,NE,2012,2012-01-01
0,0,0,0,,0,0,0,0,0,0,NH,2012,2012-01-01
0,61,1218,1688,,49,0,0,137,0,3159,NJ,2012,2012-01-01
0,0,41,0,,132,0,11,141,0,595,NM,2012,2012-01-01
0,0,0,0,,0,0,0,0,0,0,NV,2012,2012-01-01
1,49,2025,5327,,46,0,0,256,0,8162,NY,2012,2012-01-01
0,0,1299,15,,239,0,0,538,0,2234,OH,2012,2012-01-01
0,0,0,0,,0,38,0,392,0,430,OK,2012,2012-01-01
0,0,0,0,,0,0,0,0,0,51,OR,2012,2012-01-01
6,12,256,50,,31,0,1656,457,0,2775,PA,2012,2012-01-01
0,0,0,0,,25,0,0,0,0,25,PR,2012,2012-01-01
0,0,0,0,,0,0,0,0,0,0,RI,2012,2012-01-01
0,0,0,52,,0,0,0,0,0,57,SC,2012,2012-01-01
0,0,0,0,,0,0,0,0,0,0,SD,2012,2012-01-01
0,0,18,0,,0,0,69,0,0,614,TN,2012,2012-01-01
0,0,1016,696,,103,15,35,124,0,2258,TX,2012,2012-01-01
0,0,259,2097,,0,0,0,0,0,2356,UT,2012,2012-01-01
0,0,0,63,,8,0,0,1,0,72,VA,2012,2012-01-01
0,0,36,0,,0,0,0,0,0,39,VT,2012,2012-01-01
0,0,26,0,,0,0,0,0,0,43,WA,2012,2012-01-01
0,0,8,0,,0,0,0,474,0,805,WI,2012,2012-01-01
0,0,0,0,,0,0,0,70,0,70,WV,2012,2012-01-01
0,0,0,0,,0,0,0,0,0,0,WY,2012,2012-01-01
0,0,0,0,,0,0,0,0,0,0,AK,2013,2013-01-01
1,0,78,0,,20,0,0,54,0,178,AL,2013,2013-01-01
0,0,0,0,,0,0,0,0,0,0,AR,2013,2013-01-01
0,0,0,0,,0,0,0,24,0,41,AZ,2013,2013-01-01
0,6,201,651,,72,0,0,739,0,3112,CA,2013,2013-01-01
1,5,323,419,,0,0,0,0,27,858,CO,2013,2013-01-01
0,2,0,856,,0,0,0,12,0,871,CT,2013,2013-01-01
0,0,498,0,,0,0,0,0,0,660,DC,2013,2013-01-01
0,0,0,0,,0,0,0,0,0,0,DE,2013,2013-01-01
0,5,14,0,,10,0,0,0,0,66,FL,2013,2013-01-01
1,21,98,2281,,15,0,2,2276,0,5116,GA,2013,2013-01-01
0,0,0,0,,0,0,0,0,0,0,HI,2013,2013-01-01
0,2,32,8095,,0,0,0,0,0,8129,IA,2013,2013-01-01
0,0,0,0,,0,0,0,0,77,77,ID,2013,2013-01-01
4,0,36,0,,0,0,119,85,0,376,IL,2013,2013-01-01
0,0,0,80,,0,0,0,0,0,104,IN,2013,2013-01-01
0,3,40,0,,20,0,0,1,0,64,KS,2013,2013-01-01
0,0,0,0,,0,0,0,0,0,65,KY,2013,2013-01-01
0,0,0,0,,6,0,0,86,0,92,LA,2013,2013-01-01
0,0,99,332,,9,0,97,88,0,625,MA,2013,2013-01-01
0,0,5656,1063,,492,0,95,272,1,7750,MD,2013,2013-01-01
0,0,0,0,,0,0,0,0,0,0,ME,2013,2013-01-01
0,1,8752,0,,82,0,12,7,142,9038,MI,2013,2013-01-01
0,1,406,6,,0,0,7,69,0,499,MN,2013,2013-01-01
14,132,0,23446,,0,0,0,0,0,23592,MO,2013,2013-01-01
0,0,0,0,,0,0,0,32,0,32,MS,2013,2013-01-01
0,0,0,0,,0,0,0,0,0,0,MT,2013,2013-01-01
0,0,490,0,,0,0,0,0,0,508,NC,2013,2013-01-01
0,0,0,0,,0,0,0,0,0,0,ND,2013,2013-01-01
0,0,0,0,,0,0,0,21,0,21,NE,2013,2013-01-01
0,0,0,0,,0,0,0,0,0,0,NH,2013,2013-01-01
2,160,1650,4827,,49,0,18,11,0,6781,NJ,2013,2013-01-01
0,12,209,0,,227,0,47,0,0,628,NM,2013,2013-01-01
0,0,0,0,,0,0,0,0,0,0,NV,2013,2013-01-01
46,172,1118,1876,,57,0,0,98,0,3498,NY,2013,2013-01-01
0,0,3246,0,,176,0,86,559,24,4109,OH,2013,2013-01-01
0,0,0,0,,0,61,62,400,0,631,OK,2013,2013-01-01
0,0,0,0,,0,0,0,0,0,66,OR,2013,2013-01-01
1,0,131,75,,65,0,1579,382,0,2611,PA,2013,2013-01-01
0,0,0,0,,22,0,0,0,0,22,PR,2013,2013-01-01
0,0,0,0,,0,0,0,0,0,0,RI,2013,2013-01-01
0,0,0,132,,0,0,0,0,0,142,SC,2013,2013-01-01
0,0,0,0,,0,0,56,36,0,102,SD,2013,2013-01-01
0,0,2,0,,0,0,29,0,0,489,TN,2013,2013-01-01
0,0,745,765,,160,25,91,27,0,1965,TX,2013,2013-01-01
0,0,184,1854,,0,0,0,0,0,2062,UT,2013,2013-01-01
0,0,0,60,,0,0,0,0,3,63,VA,2013,2013-01-01
0,0,26,0,,0,0,0,0,0,31,VT,2013,2013-01-01
0,0,36,0,,0,0,0,0,0,42,WA,2013,2013-01-01
0,0,0,0,,0,0,0,0,0,159,WI,2013,2013-01-01
0,0,0,0,,0,0,0,50,0,50,WV,2013,2013-01-01
0,0,0,0,,0,0,0,0,0,0,WY,2013,2013-01-01
0,0,68,0,,0,0,0,109,0,196,AL,2014,2014-01-01
0,0,0,0,,0,0,0,0,0,0,AR,2014,2014-01-01
0,0,0,0,,0,0,0,0,0,0,AZ,2014,2014-01-01
0,0,274,185,,44,19,0,588,0,1402,CA,2014,2014-01-01
0,10,306,216,,0,0,1,0,28,705,CO,2014,2014-01-01
0,5,15,914,,0,0,0,0,0,966,CT,2014,2014-01-01
0,0,489,0,,0,0,0,0,0,520,DC,2014,2014-01-01
0,0,0,0,,0,0,0,0,0,0,DE,2014,2014-01-01
0,0,92,0,,7,0,6,36,0,165,FL,2014,2014-01-01
0,12,106,2714,,2,0,59,2495,0,5545,GA,2014,2014-01-01
0,0,0,0,,0,0,0,0,0,0,HI,2014,2014-01-01
0,0,103,7443,,0,0,0,0,0,7546,IA,2014,2014-01-01
0,0,0,0,,0,0,0,0,35,35,ID,2014,2014-01-01
2,4,24,24,,0,0,227,90,0,609,IL,2014,2014-01-01
0,0,0,0,,0,0,0,0,0,117,IN,2014,2014-01-01
0,4,0,0,,6,0,1,2,0,13,KS,2014,2014-01-01
0,0,0,15,,0,0,0,0,0,15,KY,2014,2014-01-01
0,0,2,0,,1,0,0,30,0,33,LA,2014,2014-01-01
0,1,8,148,,8,0,2,77,0,244,MA,2014,2014-01-01
0,0,3321,934,,434,0,215,562,0,5883,MD,2014,2014-01-01
0,0,0,0,,0,0,0,0,0,0,ME,2014,2014-01-01
0,0,7905,40,,16,0,0,62,120,8197,MI,2014,2014-01-01
0,0,163,0,,0,0,15,0,0,215,MN,2014,2014-01-01
30,119,222,20044,,0,0,0,0,0,20437,MO,2014,2014-01-01
0,0,0,0,,0,0,0,0,0,0,MS,2014,2014-01-01
0,0,0,0,,0,0,0,0,0,0,MT,2014,2014-01-01
0,1,612,0,,0,0,0,0,0,613,NC,2014,2014-01-01
0,0,0,0,,0,0,0,0,0,0,ND,2014,2014-01-01
0,0,0,0,,0,0,0,0,0,0,NE,2014,2014-01-01
0,0,0,0,,0,0,0,0,0,0,NH,2014,2014-01-01
0,114,2632,5646,,14,0,8,43,0,8576,NJ,2014,2014-01-01
0,0,56,0,,431,0,0,5,0,540,NM,2014,2014-01-01
0,0,0,0,,0,0,0,0,0,0,NV,2014,2014-01-01
0,21,1054,3,,11,0,0,10,0,1115,NY,2014,2014-01-01
0,16,2100,41,,270,0,41,118,0,2622,OH,2014,2014-01-01
0,0,0,0,,0,0,51,400,0,521,OK,2014,2014-01-01
0,0,0,0,,0,0,0,0,0,235,OR,2014,2014-01-01
0,6,132,9,,73,0,0,593,0,1191,PA,2014,2014-01-01
0,0,0,0,,0,0,0,0,0,0,PR,2014,2014-01-01
0,0,0,0,,0,0,0,0,0,0,RI,2014,2014-01-01
0,0,0,53,,0,0,0,0,0,303,SC,2014,2014-01-01
0,0,25,0,,0,0,11,0,0,188,SD,2014,2014-01-01
0,0,0,0,,0,0,29,94,0,604,TN,2014,2014-01-01
0,0,435,964,,143,0,27,45,0,1803,TX,2014,2014-01-01
0,0,48,802,,0,0,0,0,0,850,UT,2014,2014-01-01
0,0,0,0,,3,0,0,0,0,3,VA,2014,2014-01-01
0,0,20,0,,0,0,0,0,0,29,VT,2014,2014-01-01
0,0,0,0,,0,0,0,0,0,9,WA,2014,2014-01-01
0,0,2,0,,0,0,0,0,0,222,WI,2014,2014-01-01
0,0,0,0,,0,0,0,22,0,22,WV,2014,2014-01-01
0,0,0,18,,0,0,0,0,0,22,WY,2014,2014-01-01
0,0,12,0,,0,2,9,224,0,274,AL,2015,2015-01-01
0,0,0,0,,0,0,0,0,0,0,AR,2015,2015-01-01
0,0,0,0,,0,0,0,0,0,1,AZ,2015,2015-01-01
0,0,272,277,,18,1101,3,667,0,3512,CA,2015,2015-01-01
0,0,352,353,,0,5,0,0,28,986,CO,2015,2015-01-01
0,25,57,744,,35,0,0,0,0,876,CT,2015,2015-01-01
0,0,378,0,,0,0,0,0,0,378,DC,2015,2015-01-01
0,0,0,0,,0,0,0,0,0,0,DE,2015,2015-01-01
0,6,204,0,,0,22,33,0,0,348,FL,2015,2015-01-01
5,7,47,1900,,4,0,78,3245,0,5381,GA,2015,2015-01-01
0,0,0,42,,0,0,0,0,0,42,HI,2015,2015-01-01
0,0,82,5005,,0,0,0,0,14,5101,IA,2015,2015-01-01
0,0,0,0,,0,0,0,0,0,0,ID,2015,2015-01-01
7,0,0,9,,0,0,299,158,0,687,IL,2015,2015-01-01
0,0,38,1894,,0,0,0,0,0,1957,IN,2015,2015-01-01
2,0,0,0,,0,0,0,0,0,2,KS,2015,2015-01-01
0,0,0,0,,0,0,0,0,0,23,KY,2015,2015-01-01
0,0,34,0,,0,0,0,40,3,77,LA,2015,2015-01-01
0,0,2607,173,,16,4,21,199,0,3020,MA,2015,2015-01-01
0,0,1937,693,,601,74,198,291,0,3893,MD,2015,2015-01-01
0,0,0,0,,0,0,0,0,0,0,ME,2015,2015-01-01
8,0,10443,0,,12,0,7,10,66,10549,MI,2015,2015-01-01
0,0,78,0,,0,0,22,5,0,116,MN,2015,2015-01-01
36,95,254,14017,,0,0,0,4,0,14436,MO,2015,2015-01-01
0,0,0,0,,0,0,0,0,0,1,MS,2015,2015-01-01
0,0,0,0,,0,0,0,0,0,0,MT,2015,2015-01-01
0,0,495,0,,10,0,0,0,0,537,NC,2015,2015-01-01
0,0,0,0,,0,0,0,0,0,0,ND,2015,2015-01-01
0,0,0,0,,0,0,0,0,0,0,NE,2015,2015-01-01
0,0,0,0,,0,0,0,0,0,0,NH,2015,2015-01-01
0,180,3250,5413,,15,104,0,729,0,9691,NJ,2015,2015-01-01
0,0,149,0,,113,0,14,0,0,500,NM,2015,2015-01-01
0,0,0,0,,0,0,0,0,0,0,NV,2015,2015-01-01
0,49,759,63,,8,3,11,26,3,1267,NY,2015,2015-01-01
0,0,9,0,,0,0,12,0,0,81,OH,2015,2015-01-01
0,0,0,0,,1,0,0,373,0,374,OK,2015,2015-01-01
0,0,0,0,,0,0,0,18,0,18,OR,2015,2015-01-01
0,0,115,0,,32,0,0,432,0,724,PA,2015,2015-01-01
0,0,0,0,,0,0,0,0,0,0,PR,2015,2015-01-01
0,0,0,0,,0,0,0,0,0,0,RI,2015,2015-01-01
0,0,0,0,,0,0,0,51,0,51,SC,2015,2015-01-01
0,0,25,0,,0,0,100,0,0,368,SD,2015,2015-01-01
0,0,57,0,,0,0,18,0,0,390,TN,2015,2015-01-01
0,0,704,805,,151,0,14,40,5,2001,TX,2015,2015-01-01
0,0,60,1169,,0,0,0,0,0,1229,UT,2015,2015-01-01
0,0,0,0,,0,0,0,0,0,0,VA,2015,2015-01-01
0,0,0,0,,0,0,0,0,0,0,VT,2015,2015-01-01
0,0,0,0,,0,18,22,0,0,55,WA,2015,2015-01-01
0,0,0,0,,0,0,0,0,0,86,WI,2015,2015-01-01
0,0,0,0,,0,0,0,0,0,0,WV,2015,2015-01-01
0,0,0,0,,0,0,0,0,0,0,WY,2015,2015-01-01
